{"matrix_conv": 9.211645701817066, "factorial": 1.5727109040943903, "matrix_mult": 2.3079977462753525, "matrix_mult_3x3": 9.756354779175128, "fibonacci": 1.2122084446899182, "fibonacci_40": 2.595709937854771, "median_filter": 10.569156528087461, "qsort": 6.19272678590758, "qsort_14": 9.98152483204482}