{"matrix_conv": 0.06521519080932435, "factorial": 0.06594175698508974, "matrix_mult": 0.0642002154735842, "matrix_mult_3x3": 0.06368377793195253, "fibonacci": 0.06517249702633968, "fibonacci_40": 0.0643298621525346, "median_filter": 0.06528200449714305, "qsort": 0.06567048553454485, "qsort_14": 0.06573279441583682}