{
    "AND": {
        "power": 58154.46220505378,
        "cycles": 1
    },
    "LSR": {
        "power": 52528.7113767053,
        "cycles": 1
    },
    "MUL": {
        "power": 57602.04946459415,
        "cycles": 1
    },
    "ADD": {
        "power": 63212.64763378208,
        "cycles": 1
    },
    "SUB": {
        "power": 56727.18880807039,
        "cycles": 1
    },
    "EOR": {
        "power": 57002.519693738715,
        "cycles": 1
    },
    "MOV": {
        "power": 61842.01487906471,
        "cycles": 1
    },
    "BRANCH": {
        "power": 76348.36531428073,
        "cycles": 2
    },
    "STR": {
        "power": 56836.13455853291,
        "cycles": 2
    },
    "CMP": {
        "power": 53918.97124879616,
        "cycles": 1
    },
    "ADDi": {
        "power": 57492.94126563576,
        "cycles": 1
    },
    "LSL": {
        "power": 58796.910714612044,
        "cycles": 1
    },
    "UDIV": {
        "power": 60572.70438440697,
        "cycles": 2
    },
    "LDR": {
        "power": 69486.95296886221,
        "cycles": 2
    },
    "ANDi": {
        "power": 60733.900779297786,
        "cycles": 1
    },
    "ASR": {
        "power": 62554.265049881935,
        "cycles": 1
    },
    "POP": {
        "power": 66367.03740037272,
        "cycles": 1
    },
    "PUSH": {
        "power": 77553.82316153462,
        "cycles": 1
    },
    "SDIV": {
        "power": 60111.066372030116,
        "cycles": 2
    }
}